{"1033505555":{"group_type":"SuperGroup","set_owner":165240228,"settings":{"lock_link":"yes","strict":"no","public":"no","set_name":"🍷 ┊🔹 L.H.S🔹┊🍷","lock_spam":"no","member":"no","flood":"yes","lock_contacts":"no","lock_rtl":"no","lock_sticker":"yes","lock_arabic":"no"},"long_id":"$05000000130b9a3d7c5e40ebe8fa231f","moderators":{"209380225":"(at)ktre123","128464080":"(at)II06II","169716563":"(at)iq_aq"}},"1029333298":{"group_type":"SuperGroup","set_owner":147842771,"settings":{"lock_link":"yes","strict":"no","public":"no","set_name":"🔇️ɪяαq,ᶳтצεl🔕","lock_spam":"yes","member":"no","flood":"yes","lock_contacts":"no","lock_rtl":"no","lock_sticker":"no","lock_arabic":"no"},"long_id":"$0500000032615a3d6ff8f36d9d7ab248","moderators":{"141276137":"☻Ђ ₫ Φ "}},"1034647840":{"group_type":"SuperGroup","set_owner":110412455,"settings":{"lock_link":"no","strict":"no","public":"no","set_name":"سهرات ضلووع 😂","lock_spam":"yes","member":"no","flood":"yes","lock_contacts":"no","lock_rtl":"no","lock_sticker":"no","lock_arabic":"no"},"long_id":"$050000002079ab3dee7e05fdae62897d","moderators":[]},"1037485108":{"group_type":"SuperGroup","set_owner":206839802,"settings":{"lock_link":"yes","strict":"no","public":"no","set_name":"🔱 || ۪۫K۪۪۫۫۰۰۪۫B۪۫۰۰۪۫C۪۪۪۫۫ || 🔱","lock_spam":"yes","member":"no","flood":"yes","lock_contacts":"no","lock_rtl":"no","lock_sticker":"no","lock_arabic":"no"},"long_id":"$0500000034c4d63d5ea9bc782bc953a0","moderators":[]},"1055319722":{"group_type":"SuperGroup","set_owner":196143896,"settings":{"lock_link":"no","lock_rtl":"no","lock_sticker":"no","set_name":"🔸I N Q🔸","lock_arabic":"no","member":"no","flood":"yes","lock_contacts":"no","strict":"no","public":"no","lock_spam":"yes"},"long_id":"$05000000aae6e63e1eed192d0e89d249","moderators":[]},"1043845416":{"group_type":"SuperGroup","set_owner":169716563,"settings":{"lock_link":"no","strict":"no","public":"no","set_name":"ʀʊʂʂïαn┇αȑʍϓ","lock_spam":"yes","member":"no","flood":"yes","lock_contacts":"no","lock_rtl":"no","lock_sticker":"yes","lock_arabic":"no"},"long_id":"$0500000028d1373e23a2fef66e92fe0d","moderators":{"169716563":"(at)iq_aq","52203454":"(at)Bmw_520"}},"1052884875":{"group_type":"SuperGroup","set_owner":169716563,"settings":{"lock_link":"no","strict":"no","public":"no","set_name":"ΛȒʍϓ|| ɭ.₣.Ġ","lock_spam":"yes","member":"no","flood":"yes","lock_contacts":"no","lock_rtl":"no","lock_sticker":"no","lock_arabic":"no"},"long_id":"$050000008bbfc13e6e923571c239e8c3","moderators":[]},"groups":{"1033505555":1033505555,"1029333298":1029333298,"1034647840":1034647840,"1055319722":1055319722,"1043845416":1043845416,"1052884875":1052884875,"1037485108":1037485108}}